3500,post
3501,pre
3502,pre
3503,pre
3504,pre
3505,pre
3506,pre
3507,pre
3508,pre
3509,pre
3510,pre
3511,pre
3512,pre
3513,pre
3514,pre
3515,pre
3516,pre
3517,pre
3518,pre
3519,pre
3520,pre
3521,pre
3522,pre
3523,pre
3524,pre
3525,pre
3526,pre
3527,pre
3528,pre
3529,pre
3530,pre
3531,pre
3532,pre
3533,pre
3534,pre
3535,pre
3536,pre
3537,pre
3538,pre
3539,pre
3540,pre
3541,pre
3542,pre
3543,pre
3544,pre
3545,pre
3546,pre
3547,pre
3548,pre
3549,pre
3550,pre
3551,pre
3552,pre
3553,pre
3554,pre
3555,pre
3556,pre
3557,pre
3558,pre
3559,pre
3560,pre
3561,pre
3562,pre
3563,pre
3564,pre
3565,pre
3566,pre
3567,pre
3568,pre
3569,pre
3570,pre
3571,pre
3572,pre
3573,pre
3574,pre
3575,pre
3576,pre
3577,pre
3578,pre
3579,pre
3580,pre
3581,pre
3582,pre
3583,pre
3584,pre
3585,pre
3586,pre
3587,pre
3588,pre
3589,pre
3590,pre
3591,pre
3592,pre
3593,pre
3594,pre
3595,pre
3596,pre
3597,pre
3598,pre
3599,pre
3600,pre
3601,pre
3602,pre
3603,pre
3604,pre
3605,pre
3606,pre
3607,pre
3608,pre
3609,pre
3610,pre
3611,pre
3612,pre
3613,pre
3614,pre
3615,pre
3616,pre
3617,pre
3618,pre
3619,pre
3620,pre
3621,pre
3622,pre
3623,pre
3624,pre
3625,pre
3626,pre
3627,pre
3628,pre
3629,pre
3630,pre
3631,pre
3632,pre
3633,pre
3634,pre
3635,pre
3636,pre
3637,pre
3638,pre
3639,pre
3640,pre
3641,pre
3642,pre
3643,pre
3644,pre
3645,pre
3646,pre
3647,pre
3648,pre
3649,pre
3650,pre
3651,pre
3652,pre
3653,pre
3654,pre
3655,pre
3656,pre
3657,pre
3658,pre
3659,pre
3660,pre
3661,pre
3662,pre
3663,pre
3664,pre
3665,pre
3666,pre
3667,pre
3668,pre
3669,pre
3670,pre
3671,pre
3672,pre
3673,pre
3674,pre
3675,pre
3676,pre
3677,pre
3678,pre
3679,pre
3680,pre
3681,pre
3682,pre
3683,pre
3684,pre
3685,pre
3686,pre
3687,pre
3688,pre
3689,pre
3690,pre
3691,pre
3692,pre
3693,pre
3694,pre
3695,pre
3696,pre
3697,pre
3698,pre
3699,pre
3700,pre
3701,pre
3702,pre
3703,pre
3704,pre
3705,pre
3706,pre
3707,pre
3708,pre
3709,pre
3710,pre
3711,pre
3712,pre
3713,pre
3714,pre
3715,pre
3716,pre
3717,pre
3718,pre
3719,pre
3720,pre
3721,pre
3722,pre
3723,pre
3724,pre
3725,pre
3726,pre
3727,pre
3728,pre
3729,pre
3730,pre
3731,pre
3732,pre
3733,pre
3734,pre
3735,pre
3736,pre
3737,pre
3738,pre
3739,pre
3740,pre
3741,pre
3742,pre
3743,pre
3744,pre
3745,pre
3746,pre
3747,pre
3748,pre
3749,pre
3750,pre
3751,pre
3752,pre
3753,pre
3754,pre
3755,pre
3756,pre
3757,pre
3758,pre
3759,pre
3760,pre
3761,pre
3762,pre
3763,pre
3764,pre
3765,pre
3766,pre
3767,pre
3768,pre
3769,pre
3770,pre
3771,pre
3772,pre
3773,pre
3774,pre
3775,pre
3776,pre
3777,pre
3778,pre
3779,pre
3780,pre
3781,pre
3782,pre
3783,pre
3784,pre
3785,pre
3786,pre
3787,pre
3788,pre
3789,pre
3790,pre
3791,pre
3792,pre
3793,pre
3794,pre
3795,pre
3796,pre
3797,pre
3798,pre
3799,pre
3800,pre
3801,pre
3802,pre
3803,pre
3804,pre
3805,pre
3806,pre
3807,pre
3808,pre
3809,pre
3810,pre
3811,pre
3812,pre
3813,pre
3814,pre
3815,pre
3816,pre
3817,pre
3818,pre
3819,pre
3820,pre
3821,pre
3822,pre
3823,pre
3824,pre
3825,pre
3826,pre
3827,pre
3828,pre
3829,pre
3830,pre
3831,pre
3832,pre
3833,pre
3834,pre
3835,pre
3836,pre
3837,pre
3838,pre
3839,pre
3840,pre
3841,pre
3842,pre
3843,pre
3844,pre
3845,pre
3846,pre
3847,pre
3848,pre
3849,pre
3850,pre
3851,pre
3852,pre
3853,pre
3854,pre
3855,pre
3856,pre
3857,pre
3858,pre
3859,pre
3860,pre
3861,pre
3862,pre
3863,pre
3864,pre
3865,pre
3866,pre
3867,pre
3868,pre
3869,pre
3870,pre
3871,pre
3872,pre
3873,pre
3874,pre
3875,pre
3876,pre
3877,pre
3878,pre
3879,pre
3880,pre
3881,pre
3882,pre
3883,pre
3884,pre
3885,pre
3886,pre
3887,pre
3888,pre
3889,pre
3890,pre
3891,pre
3892,pre
3893,pre
3894,pre
3895,pre
3896,pre
3897,pre
3898,pre
3899,pre
3900,pre
3901,pre
3902,pre
3903,pre
3904,pre
3905,pre
3906,pre
3907,pre
3908,pre
3909,pre
3910,pre
3911,pre
3912,pre
3913,pre
3914,pre
3915,pre
3916,pre
3917,pre
3918,pre
3919,pre
3920,pre
3921,pre
3922,pre
3923,pre
3924,pre
3925,pre
3926,pre
3927,pre
3928,pre
3929,pre
3930,pre
3931,pre
3932,pre
3933,pre
3934,pre
3935,pre
3936,pre
3937,pre
3938,pre
3939,pre
3940,pre
3941,pre
3942,pre
3943,pre
3944,pre
3945,pre
3946,pre
3947,pre
3948,pre
3949,pre
3950,pre
3951,pre
3952,pre
3953,pre
3954,pre
3955,pre
3956,pre
3957,pre
3958,pre
3959,pre
3960,pre
3961,pre
3962,pre
3963,pre
3964,pre
3965,pre
3966,pre
3967,pre
3968,pre
3969,pre
3970,pre
3971,pre
3972,pre
3973,pre
3974,pre
3975,pre
3976,pre
3977,pre
3978,pre
3979,pre
3980,pre
3981,pre
3982,pre
3983,pre
3984,pre
3985,pre
3986,pre
3987,pre
3988,pre
3989,pre
3990,pre
3991,pre
3992,pre
3993,pre
3994,pre
3995,pre
3996,pre
3997,pre
3998,pre
3999,pre
4000,pre
4001,pre
4002,pre
4003,pre
4004,pre
4005,pre
4006,pre
4007,pre
4008,pre
4009,pre
4010,pre
4011,pre
4012,pre
4013,pre
4014,pre
4015,pre
4016,pre
4017,pre
4018,pre
4019,pre
4020,pre
4021,pre
4022,pre
4023,pre
4024,pre
4025,pre
4026,pre
4027,pre
4028,pre
4029,pre
4030,pre
4031,pre
4032,pre
4033,pre
4034,pre
4035,pre
4036,pre
4037,pre
4038,pre
4039,pre
4040,pre
4041,pre
4042,pre
4043,pre
4044,pre
4045,pre
4046,pre
4047,pre
4048,pre
4049,pre
4050,pre
4051,pre
4052,pre
4053,pre
4054,pre
4055,pre
4056,pre
4057,pre
4058,pre
4059,pre
4060,pre
4061,pre
4062,pre
4063,pre
4064,pre
4065,pre
4066,pre
4067,pre
4068,pre
4069,pre
4070,pre
4071,pre
4072,pre
4073,pre
4074,pre
4075,pre
4076,pre
4077,pre
4078,pre
4079,pre
4080,pre
4081,pre
4082,pre
4083,pre
4084,pre
4085,pre
4086,pre
4087,pre
4088,pre
4089,pre
4090,pre
4091,pre
4092,pre
4093,pre
4094,pre
4095,pre
4096,pre
4097,pre
4098,pre
4099,pre
4100,pre
4101,pre
4102,pre
4103,pre
4104,pre
4105,pre
4106,pre
4107,pre
4108,pre
4109,pre
4110,pre
4111,pre
4112,pre
4113,pre
4114,pre
4115,pre
4116,pre
4117,pre
4118,pre
4119,pre
4120,pre
4121,pre
4122,pre
4123,pre
4124,pre
4125,pre
4126,pre
4127,pre
4128,pre
4129,pre
4130,pre
4131,pre
4132,pre
4133,pre
4134,pre
4135,pre
4136,pre
4137,pre
4138,pre
4139,pre
4140,pre
4141,pre
4142,pre
4143,pre
4144,pre
4145,pre
4146,pre
4147,pre
4148,pre
4149,pre
4150,pre
4151,pre
4152,pre
4153,pre
4154,pre
4155,pre
4156,pre
4157,pre
4158,pre
4159,pre
4160,pre
4161,pre
4162,pre
4163,pre
4164,pre
4165,pre
4166,pre
4167,pre
4168,pre
4169,pre
4170,pre
4171,pre
4172,pre
4173,pre
4174,pre
4175,pre
4176,pre
4177,pre
4178,pre
4179,pre
4180,pre
4181,pre
4182,pre
4183,pre
4184,pre
4185,pre
4186,pre
4187,pre
4188,pre
4189,pre
4190,pre
4191,pre
4192,pre
4193,pre
4194,pre
4195,pre
4196,pre
4197,pre
4198,pre
4199,pre
4200,pre
4201,pre
4202,pre
4203,pre
4204,pre
4205,pre
4206,pre
4207,pre
4208,pre
4209,pre
4210,pre
4211,pre
4212,pre
4213,pre
4214,pre
4215,pre
4216,pre
4217,pre
4218,pre
4219,pre
4220,pre
4221,pre
4222,pre
4223,pre
4224,pre
4225,pre
4226,pre
4227,pre
4228,pre
4229,pre
4230,pre
4231,pre
4232,pre
4233,pre
4234,pre
4235,pre
4236,pre
4237,pre
4238,pre
4239,pre
4240,pre
4241,pre
4242,pre
4243,pre
4244,pre
4245,pre
4246,pre
4247,pre
4248,pre
4249,pre
4250,pre
4251,pre
4252,pre
4253,pre
4254,pre
4255,pre
4256,pre
4257,pre
4258,pre
4259,pre
4260,pre
4261,pre
4262,pre
4263,pre
4264,pre
4265,pre
4266,pre
4267,pre
4268,pre
4269,pre
4270,pre
4271,pre
4272,pre
4273,pre
4274,pre
4275,pre
4276,pre
4277,pre
4278,pre
4279,pre
4280,pre
4281,pre
4282,pre
4283,pre
4284,pre
4285,pre
4286,pre
4287,pre
4288,pre
4289,pre
4290,pre
4291,pre
4292,pre
4293,pre
4294,pre
4295,pre
4296,pre
4297,pre
4298,pre
4299,pre
4300,pre
4301,pre
4302,pre
4303,pre
4304,pre
4305,pre
4306,pre
4307,pre
4308,pre
4309,pre
4310,pre
4311,pre
4312,pre
4313,pre
4314,pre
4315,pre
4316,pre
4317,pre
4318,pre
4319,pre
4320,pre
4321,pre
4322,pre
4323,pre
4324,pre
4325,pre
4326,pre
4327,pre
4328,pre
4329,pre
4330,pre
4331,pre
4332,pre
4333,pre
4334,pre
4335,pre
4336,pre
4337,pre
4338,pre
4339,pre
4340,pre
4341,pre
4342,pre
4343,pre
4344,pre
4345,pre
4346,pre
4347,pre
4348,pre
4349,pre
4350,pre
4351,pre
4352,pre
4353,pre
4354,pre
4355,pre
4356,pre
4357,pre
4358,pre
4359,pre
4360,pre
4361,pre
4362,pre
4363,pre
4364,pre
4365,pre
4366,pre
4367,pre
4368,pre
4369,pre
4370,pre
4371,pre
4372,pre
4373,pre
4374,pre
4375,pre
4376,pre
4377,pre
4378,pre
4379,pre
4380,pre
4381,pre
4382,pre
4383,pre
4384,pre
4385,pre
4386,pre
4387,pre
4388,pre
4389,pre
4390,pre
4391,pre
4392,pre
4393,pre
4394,pre
4395,pre
4396,pre
4397,pre
4398,pre
4399,pre
4400,pre
4401,pre
4402,pre
4403,pre
4404,pre
4405,pre
4406,pre
4407,pre
4408,pre
4409,pre
4410,pre
4411,pre
4412,pre
4413,pre
4414,pre
4415,pre
4416,pre
4417,pre
4418,pre
4419,pre
4420,pre
4421,pre
4422,pre
4423,pre
4424,pre
4425,pre
4426,pre
4427,pre
4428,pre
4429,pre
4430,pre
4431,pre
4432,pre
4433,pre
4434,pre
4435,pre
4436,pre
4437,pre
4438,pre
4439,pre
4440,pre
4441,pre
4442,pre
4443,pre
4444,pre
4445,pre
4446,pre
4447,pre
4448,pre
4449,pre
4450,pre
4451,pre
4452,pre
4453,pre
4454,pre
4455,pre
4456,pre
4457,pre
4458,pre
4459,pre
4460,pre
4461,pre
4462,pre
4463,pre
4464,pre
4465,pre
4466,pre
4467,pre
4468,pre
4469,pre
4470,pre
4471,pre
4472,pre
4473,pre
4474,pre
4475,pre
4476,pre
4477,pre
4478,pre
4479,pre
4480,pre
4481,pre
4482,pre
4483,pre
4484,pre
4485,pre
4486,pre
4487,pre
4488,pre
4489,pre
4490,pre
4491,pre
4492,pre
4493,pre
4494,pre
4495,pre
4496,pre
4497,pre
4498,pre
4499,pre
4500,pre
4501,pre
4502,pre
4503,pre
4504,pre
4505,pre
4506,pre
4507,pre
4508,pre
4509,pre
4510,pre
4511,pre
4512,pre
4513,pre
4514,pre
4515,pre
4516,pre
4517,pre
4518,pre
4519,pre
4520,pre
4521,pre
4522,pre
4523,pre
4524,pre
4525,pre
4526,pre
4527,pre
4528,pre
4529,pre
4530,pre
4531,pre
4532,pre
4533,pre
4534,pre
4535,pre
4536,pre
4537,pre
4538,pre
4539,pre
4540,pre
4541,pre
4542,pre
4543,pre
4544,pre
4545,pre
4546,pre
4547,pre
4548,pre
4549,pre
4550,pre
4551,pre
4552,pre
4553,pre
4554,pre
4555,pre
4556,pre
4557,pre
4558,pre
4559,pre
4560,pre
4561,pre
4562,pre
4563,pre
4564,pre
4565,pre
4566,pre
4567,pre
4568,pre
4569,pre
4570,pre
4571,pre
4572,pre
4573,pre
4574,pre
4575,pre
4576,pre
4577,pre
4578,pre
4579,pre
4580,pre
4581,pre
4582,pre
4583,pre
4584,pre
4585,pre
4586,pre
4587,pre
4588,pre
4589,pre
4590,pre
4591,pre
4592,pre
4593,pre
4594,pre
4595,pre
4596,pre
4597,pre
4598,pre
4599,pre
4600,pre
4601,pre
4602,pre
4603,pre
4604,pre
4605,pre
4606,pre
4607,pre
4608,pre
4609,pre
4610,pre
4611,pre
4612,pre
4613,pre
4614,pre
4615,pre
4616,pre
4617,pre
4618,pre
4619,pre
4620,pre
4621,pre
4622,pre
4623,pre
4624,pre
4625,pre
4626,pre
4627,pre
4628,pre
4629,pre
4630,pre
4631,pre
4632,pre
4633,pre
4634,pre
4635,pre
4636,pre
4637,pre
4638,pre
4639,pre
4640,pre
4641,pre
4642,pre
4643,pre
4644,pre
4645,pre
4646,pre
4647,pre
4648,pre
4649,pre
4650,pre
4651,pre
4652,pre
4653,pre
4654,pre
4655,pre
4656,pre
4657,pre
4658,pre
4659,pre
4660,pre
4661,pre
4662,pre
4663,pre
4664,pre
4665,pre
4666,pre
4667,pre
4668,pre
4669,pre
4670,pre
4671,pre
4672,pre
4673,pre
4674,pre
4675,pre
4676,pre
4677,pre
4678,pre
4679,pre
4680,pre
4681,pre
4682,pre
4683,pre
4684,pre
4685,pre
4686,pre
4687,pre
4688,pre
4689,pre
4690,pre
4691,pre
4692,pre
4693,pre
4694,pre
4695,pre
4696,pre
4697,pre
4698,pre
4699,pre
4700,pre
4701,pre
4702,pre
4703,pre
4704,pre
4705,pre
4706,pre
4707,pre
4708,pre
4709,pre
4710,pre
4711,pre
4712,pre
4713,pre
4714,pre
4715,pre
4716,pre
4717,pre
4718,pre
4719,pre
4720,pre
4721,pre
4722,pre
4723,pre
4724,pre
4725,pre
4726,pre
4727,pre
4728,pre
4729,pre
4730,pre
4731,pre
4732,pre
4733,pre
4734,pre
4735,pre
4736,pre
4737,pre
4738,pre
4739,pre
4740,pre
4741,pre
4742,pre
4743,pre
4744,pre
4745,pre
4746,pre
4747,pre
4748,pre
4749,pre
4750,pre
4751,pre
4752,pre
4753,pre
4754,pre
4755,pre
4756,pre
4757,pre
4758,pre
4759,pre
4760,pre
4761,pre
4762,pre
4763,pre
4764,pre
4765,pre
4766,pre
4767,pre
4768,pre
4769,pre
4770,pre
4771,pre
4772,pre
4773,pre
4774,pre
4775,pre
4776,pre
4777,pre
4778,pre
4779,pre
4780,pre
4781,pre
4782,pre
4783,pre
4784,pre
4785,pre
4786,pre
4787,pre
4788,pre
4789,pre
4790,pre
4791,pre
4792,pre
4793,pre
4794,pre
4795,pre
4796,pre
4797,pre
4798,pre
4799,pre
4800,pre
4801,pre
4802,pre
4803,pre
4804,pre
4805,pre
4806,pre
4807,pre
4808,pre
4809,pre
4810,pre
4811,pre
4812,pre
4813,pre
4814,pre
4815,pre
4816,pre
4817,pre
4818,pre
4819,pre
4820,pre
4821,pre
4822,pre
4823,pre
4824,pre
4825,pre
4826,pre
4827,pre
4828,pre
4829,pre
4830,pre
4831,pre
4832,pre
4833,pre
4834,pre
4835,pre
4836,pre
4837,pre
4838,pre
4839,pre
4840,pre
4841,pre
4842,pre
4843,pre
4844,pre
4845,pre
4846,pre
4847,pre
4848,pre
4849,pre
4850,pre
4851,pre
4852,pre
4853,pre
4854,pre
4855,pre
4856,pre
4857,pre
4858,pre
4859,pre
4860,pre
4861,pre
4862,pre
4863,pre
4864,pre
4865,pre
4866,pre
4867,pre
4868,pre
4869,pre
4870,pre
4871,pre
4872,pre
4873,pre
4874,pre
4875,pre
4876,pre
4877,pre
4878,pre
4879,pre
4880,pre
4881,pre
4882,pre
4883,pre
4884,pre
4885,pre
4886,pre
4887,pre
4888,pre
4889,pre
4890,pre
4891,pre
4892,pre
4893,pre
4894,pre
4895,pre
4896,pre
4897,pre
4898,pre
4899,pre
4900,pre
4901,pre
4902,pre
4903,pre
4904,pre
4905,pre
4906,pre
4907,pre
4908,pre
4909,pre
4910,pre
4911,pre
4912,pre
4913,pre
4914,pre
4915,pre
4916,pre
4917,pre
4918,pre
4919,pre
4920,pre
4921,pre
4922,pre
4923,pre
4924,pre
4925,pre
4926,pre
4927,pre
4928,pre
4929,pre
4930,pre
4931,pre
4932,pre
4933,pre
4934,pre
4935,pre
4936,pre
4937,pre
4938,pre
4939,pre
4940,pre
4941,pre
4942,pre
4943,pre
4944,pre
4945,pre
4946,pre
4947,pre
4948,pre
4949,pre
4950,pre
4951,pre
4952,pre
4953,pre
4954,pre
4955,pre
4956,pre
4957,pre
4958,pre
4959,pre
4960,pre
4961,pre
4962,pre
4963,pre
4964,pre
4965,pre
4966,pre
4967,pre
4968,pre
4969,pre
4970,pre
4971,pre
4972,pre
4973,pre
4974,pre
4975,pre
4976,pre
4977,pre
4978,pre
4979,pre
4980,pre
4981,pre
4982,pre
4983,pre
4984,pre
4985,pre
4986,pre
4987,pre
4988,pre
4989,pre
4990,pre
4991,pre
4992,pre
4993,pre
4994,pre
4995,pre
4996,pre
4997,pre
4998,pre
4999,pre
5000,pre
5001,pre
5002,pre
5003,pre
5004,pre
5005,pre
5006,pre
5007,pre
5008,pre
5009,pre
5010,pre
5011,pre
5012,pre
5013,pre
5014,pre
5015,pre
5016,pre
5017,pre
5018,pre
5019,pre
5020,pre
5021,pre
5022,pre
5023,pre
5024,pre
5025,pre
5026,pre
5027,pre
5028,pre
5029,pre
5030,pre
5031,pre
5032,pre
5033,pre
5034,pre
5035,pre
5036,pre
5037,pre
5038,pre
5039,pre
5040,pre
5041,pre
5042,pre
5043,pre
5044,pre
5045,pre
5046,pre
5047,pre
5048,pre
5049,pre
5050,pre
5051,pre
5052,pre
5053,pre
5054,pre
5055,pre
5056,pre
5057,pre
5058,pre
5059,pre
5060,pre
5061,pre
5062,pre
5063,pre
5064,pre
5065,pre
5066,pre
5067,pre
5068,pre
5069,pre
5070,pre
5071,pre
5072,pre
5073,pre
5074,pre
5075,pre
5076,pre
5077,pre
5078,pre
5079,pre
5080,pre
5081,pre
5082,pre
5083,pre
5084,pre
5085,pre
5086,pre
5087,pre
5088,pre
5089,pre
5090,pre
5091,pre
5092,pre
5093,pre
5094,pre
5095,pre
5096,pre
5097,pre
5098,pre
5099,pre
5100,pre
5101,pre
5102,pre
5103,pre
5104,pre
5105,pre
5106,pre
5107,pre
5108,pre
5109,pre
5110,pre
5111,pre
5112,pre
5113,pre
5114,pre
5115,pre
5116,pre
5117,pre
5118,pre
5119,pre
5120,pre
5121,pre
5122,pre
5123,pre
5124,pre
5125,pre
5126,pre
5127,pre
5128,pre
5129,pre
5130,pre
5131,pre
5132,pre
5133,pre
5134,pre
5135,pre
5136,pre
5137,pre
5138,pre
5139,pre
5140,pre
5141,pre
5142,pre
5143,pre
5144,pre
5145,pre
5146,pre
5147,pre
5148,pre
5149,pre
5150,pre
5151,pre
5152,pre
5153,pre
5154,pre
5155,pre
5156,pre
5157,pre
5158,pre
5159,pre
5160,pre
5161,pre
5162,pre
5163,pre
5164,pre
5165,pre
5166,pre
5167,pre
5168,pre
5169,pre
5170,pre
5171,pre
5172,pre
5173,pre
5174,pre
5175,pre
5176,pre
5177,pre
5178,pre
5179,pre
5180,pre
5181,pre
5182,pre
5183,pre
5184,pre
5185,pre
5186,pre
5187,pre
5188,pre
5189,pre
5190,pre
5191,pre
5192,pre
5193,pre
5194,pre
5195,pre
5196,pre
5197,pre
5198,pre
5199,pre
5200,pre
5201,pre
5202,pre
5203,pre
5204,pre
5205,pre
5206,pre
5207,pre
5208,pre
5209,pre
5210,pre
5211,pre
5212,pre
5213,pre
5214,pre
5215,pre
5216,pre
5217,pre
5218,pre
5219,pre
5220,pre
5221,pre
5222,pre
5223,pre
5224,pre
5225,pre
5226,pre
5227,pre
5228,pre
5229,pre
5230,pre
5231,pre
5232,pre
5233,pre
5234,pre
5235,pre
5236,pre
5237,pre
5238,pre
5239,pre
5240,pre
5241,pre
5242,pre
5243,pre
5244,pre
5245,pre
5246,pre
5247,pre
5248,pre
5249,pre
5250,pre
5251,pre
5252,pre
5253,pre
5254,pre
5255,pre
5256,pre
5257,pre
5258,pre
5259,pre
5260,pre
5261,pre
5262,pre
5263,pre
5264,pre
5265,pre
5266,pre
5267,pre
5268,pre
5269,pre
5270,pre
5271,pre
5272,pre
5273,pre
5274,pre
5275,pre
5276,pre
5277,pre
5278,pre
5279,pre
5280,pre
5281,pre
5282,pre
5283,pre
5284,pre
5285,pre
5286,pre
5287,pre
5288,pre
5289,pre
5290,pre
5291,pre
5292,pre
5293,pre
5294,pre
5295,pre
5296,pre
5297,pre
5298,pre
5299,pre
5300,pre
5301,pre
5302,pre
5303,pre
5304,pre
5305,pre
5306,pre
5307,pre
5308,pre
5309,pre
5310,pre
5311,pre
5312,pre
5313,pre
5314,pre
5315,pre
5316,pre
5317,pre
5318,pre
5319,pre
5320,pre
5321,pre
5322,pre
5323,pre
5324,pre
5325,pre
5326,pre
5327,pre
5328,pre
5329,pre
5330,pre
5331,pre
5332,pre
5333,pre
5334,pre
5335,pre
5336,pre
5337,pre
5338,pre
5339,pre
5340,pre
5341,pre
5342,pre
5343,pre
5344,pre
5345,pre
5346,pre
5347,pre
5348,pre
5349,pre
5350,pre
5351,pre
5352,pre
5353,pre
5354,pre
5355,pre
5356,pre
5357,pre
5358,pre
5359,pre
5360,pre
5361,pre
5362,pre
5363,pre
5364,pre
5365,pre
5366,pre
5367,pre
5368,pre
5369,pre
5370,pre
5371,pre
5372,pre
5373,pre
5374,pre
5375,pre
5376,pre
5377,pre
5378,pre
5379,pre
5380,pre
5381,pre
5382,pre
5383,pre
5384,pre
5385,pre
5386,pre
5387,pre
5388,pre
5389,pre
5390,pre
5391,pre
5392,pre
5393,pre
5394,pre
5395,pre
5396,pre
5397,pre
5398,pre
5399,pre
5400,pre
5401,pre
5402,pre
5403,pre
5404,pre
5405,pre
5406,pre
5407,pre
5408,pre
5409,pre
5410,pre
5411,pre
5412,pre
5413,pre
5414,pre
5415,pre
5416,pre
5417,pre
5418,pre
5419,pre
5420,pre
5421,pre
5422,pre
5423,pre
5424,pre
5425,pre
5426,pre
5427,pre
5428,pre
5429,pre
5430,pre
5431,pre
5432,pre
5433,pre
5434,pre
5435,pre
5436,pre
5437,pre
5438,pre
5439,pre
5440,pre
5441,pre
5442,pre
5443,pre
5444,pre
5445,pre
5446,pre
5447,pre
5448,pre
5449,pre
5450,pre
5451,pre
5452,pre
5453,pre
5454,pre
5455,pre
5456,pre
5457,pre
5458,pre
5459,pre
5460,pre
5461,pre
5462,pre
5463,pre
5464,pre
5465,pre
5466,pre
5467,pre
5468,pre
5469,pre
5470,pre
5471,pre
5472,pre
5473,pre
5474,pre
5475,pre
5476,pre
5477,pre
5478,pre
5479,pre
5480,pre
5481,pre
5482,pre
5483,pre
5484,pre
5485,pre
5486,pre
5487,pre
5488,pre
5489,pre
5490,pre
5491,pre
5492,pre
5493,pre
5494,pre
5495,pre
5496,pre
5497,pre
5498,pre
5499,pre
5500,pre
5501,pre
5502,pre
5503,pre
5504,pre
5505,pre
5506,pre
5507,pre
5508,pre
5509,pre
5510,pre
5511,pre
5512,pre
5513,pre
5514,pre
5515,pre
5516,pre
5517,pre
5518,pre
5519,pre
5520,pre
5521,pre
5522,pre
5523,pre
5524,pre
5525,pre
5526,pre
5527,pre
5528,pre
5529,pre
5530,pre
5531,pre
5532,pre
5533,pre
5534,pre
5535,pre
5536,pre
5537,pre
5538,pre
5539,pre
5540,pre
5541,pre
5542,pre
5543,pre
5544,pre
5545,pre
5546,pre
5547,pre
5548,pre
5549,pre
5550,pre
5551,pre
5552,pre
5553,pre
5554,pre
5555,pre
5556,pre
5557,pre
5558,pre
5559,pre
5560,pre
5561,pre
5562,pre
5563,pre
5564,pre
5565,pre
5566,pre
5567,pre
5568,pre
5569,pre
5570,pre
5571,pre
5572,pre
5573,pre
5574,pre
5575,pre
5576,pre
5577,pre
5578,pre
5579,pre
5580,pre
5581,pre
5582,pre
5583,pre
5584,pre
5585,pre
5586,pre
5587,pre
5588,pre
5589,pre
5590,pre
5591,pre
5592,pre
5593,pre
5594,pre
5595,pre
5596,pre
5597,pre
5598,pre
5599,pre
5600,pre
5601,pre
5602,pre
5603,pre
5604,pre
5605,pre
5606,pre
5607,pre
5608,pre
5609,pre
5610,pre
5611,pre
5612,pre
5613,pre
5614,pre
5615,pre
5616,pre
5617,pre
5618,pre
5619,pre
5620,pre
5621,pre
5622,pre
5623,pre
5624,pre
5625,pre
5626,pre
5627,pre
5628,pre
5629,pre
5630,pre
5631,pre
5632,pre
5633,pre
5634,pre
5635,pre
5636,pre
5637,pre
5638,pre
5639,pre
5640,pre
5641,pre
5642,pre
5643,pre
5644,pre
5645,pre
5646,pre
5647,pre
5648,pre
5649,pre
5650,pre
5651,pre
5652,pre
5653,pre
5654,pre
5655,pre
5656,pre
5657,pre
5658,pre
5659,pre
5660,pre
5661,pre
5662,pre
5663,pre
5664,pre
5665,pre
5666,pre
5667,pre
5668,pre
5669,pre
5670,pre
5671,pre
5672,pre
5673,pre
5674,pre
5675,pre
5676,pre
5677,pre
5678,pre
5679,pre
5680,pre
5681,pre
5682,pre
5683,pre
5684,pre
5685,pre
5686,pre
5687,pre
5688,pre
5689,pre
5690,pre
5691,pre
5692,pre
5693,pre
5694,pre
5695,pre
5696,pre
5697,pre
5698,pre
5699,pre
5700,pre
5701,pre
5702,pre
5703,pre
5704,pre
5705,pre
5706,pre
5707,pre
5708,pre
5709,pre
5710,pre
5711,pre
5712,pre
5713,pre
5714,pre
5715,pre
5716,pre
5717,pre
5718,pre
5719,pre
5720,pre
5721,pre
5722,pre
5723,pre
5724,pre
5725,pre
5726,pre
5727,pre
5728,pre
5729,pre
5730,pre
5731,pre
5732,pre
5733,pre
5734,pre
5735,pre
5736,pre
5737,pre
5738,pre
5739,pre
5740,pre
5741,pre
5742,pre
5743,pre
5744,pre
5745,pre
5746,pre
5747,pre
5748,pre
5749,pre
5750,pre
5751,pre
5752,pre
5753,pre
5754,pre
5755,pre
5756,pre
5757,pre
5758,pre
5759,pre
5760,pre
5761,pre
5762,pre
5763,pre
5764,pre
5765,pre
5766,pre
5767,pre
5768,pre
5769,pre
5770,pre
5771,pre
5772,pre
5773,pre
5774,pre
5775,pre
5776,pre
5777,pre
5778,pre
5779,pre
5780,pre
5781,pre
5782,pre
5783,pre
5784,pre
5785,pre
5786,pre
5787,pre
5788,pre
5789,pre
5790,pre
5791,pre
5792,pre
5793,pre
5794,pre
5795,pre
5796,pre
5797,pre
5798,pre
5799,pre
5800,pre
5801,pre
5802,pre
5803,pre
5804,pre
5805,pre
5806,pre
5807,pre
5808,pre
5809,pre
5810,pre
5811,pre
5812,pre
5813,pre
5814,pre
5815,pre
5816,pre
5817,pre
5818,pre
5819,pre
5820,pre
5821,pre
5822,pre
5823,pre
5824,pre
5825,pre
5826,pre
5827,pre
5828,pre
5829,pre
5830,pre
5831,pre
5832,pre
5833,pre
5834,pre
5835,pre
5836,pre
5837,pre
5838,pre
5839,pre
5840,pre
5841,pre
5842,pre
5843,pre
5844,pre
5845,pre
5846,pre
5847,pre
5848,pre
5849,pre
5850,pre
5851,pre
5852,pre
5853,pre
5854,pre
5855,pre
5856,pre
5857,pre
5858,pre
5859,pre
5860,pre
5861,pre
5862,pre
5863,pre
5864,pre
5865,pre
5866,pre
5867,pre
5868,pre
5869,pre
5870,pre
5871,pre
5872,pre
5873,pre
5874,pre
5875,pre
5876,pre
5877,pre
5878,pre
5879,pre
5880,pre
5881,pre
5882,pre
5883,pre
5884,pre
5885,pre
5886,pre
5887,pre
5888,pre
5889,pre
5890,pre
5891,pre
5892,pre
5893,pre
5894,pre
5895,pre
5896,pre
5897,pre
5898,pre
5899,pre
5900,pre
5901,pre
5902,pre
5903,pre
5904,pre
5905,pre
5906,pre
5907,pre
5908,pre
5909,pre
5910,pre
5911,pre
5912,pre
5913,pre
5914,pre
5915,pre
5916,pre
5917,pre
5918,pre
5919,pre
5920,pre
5921,pre
5922,pre
5923,pre
5924,pre
5925,pre
5926,pre
5927,pre
5928,pre
5929,pre
5930,pre
5931,pre
5932,pre
5933,pre
5934,pre
5935,pre
5936,pre
5937,pre
5938,pre
5939,pre
5940,pre
5941,pre
5942,pre
5943,pre
5944,pre
5945,pre
5946,pre
5947,pre
5948,pre
5949,pre
5950,pre
5951,pre
5952,pre
5953,pre
5954,pre
5955,pre
5956,pre
5957,pre
5958,pre
5959,pre
5960,pre
5961,pre
5962,pre
5963,pre
5964,pre
5965,pre
5966,pre
5967,pre
5968,pre
5969,pre
5970,pre
5971,pre
5972,pre
5973,pre
5974,pre
5975,pre
5976,pre
5977,pre
5978,pre
5979,pre
5980,pre
5981,pre
5982,pre
5983,pre
5984,pre
5985,pre
5986,pre
5987,pre
5988,pre
5989,pre
5990,pre
5991,pre
5992,pre
5993,pre
5994,pre
5995,pre
5996,pre
5997,pre
5998,pre
5999,pre
6000,pre
6001,pre
6002,pre
6003,pre
6004,pre
6005,pre
6006,pre
6007,pre
6008,pre
6009,pre
6010,pre
6011,pre
6012,pre
6013,pre
6014,pre
6015,pre
6016,pre
6017,pre
6018,pre
6019,pre
6020,pre
6021,pre
6022,pre
6023,pre
6024,pre
6025,pre
6026,pre
6027,pre
6028,pre
6029,pre
6030,pre
6031,pre
6032,pre
6033,pre
6034,pre
6035,pre
6036,pre
6037,pre
6038,pre
6039,pre
6040,pre
6041,pre
6042,pre
6043,pre
6044,pre
6045,pre
6046,pre
6047,pre
6048,pre
6049,pre
6050,pre
6051,pre
6052,pre
6053,pre
6054,pre
6055,pre
6056,pre
6057,pre
6058,pre
6059,pre
6060,pre
6061,pre
6062,pre
6063,pre
6064,pre
6065,pre
6066,pre
6067,pre
6068,pre
6069,pre
6070,pre
6071,pre
6072,pre
6073,pre
6074,pre
6075,pre
6076,pre
6077,pre
6078,pre
6079,pre
6080,pre
6081,pre
6082,pre
6083,pre
6084,pre
6085,pre
6086,pre
6087,pre
6088,pre
6089,pre
6090,pre
6091,pre
6092,pre
6093,pre
6094,pre
6095,pre
6096,pre
6097,pre
6098,pre
6099,pre
6100,pre
6101,pre
6102,pre
6103,pre
6104,pre
6105,pre
6106,pre
6107,pre
6108,pre
6109,pre
6110,pre
6111,pre
6112,pre
6113,pre
6114,pre
6115,pre
6116,pre
6117,pre
6118,pre
6119,pre
6120,pre
6121,pre
6122,pre
6123,pre
6124,pre
6125,pre
6126,pre
6127,pre
6128,pre
6129,pre
6130,pre
6131,pre
6132,pre
6133,pre
6134,pre
6135,pre
6136,pre
6137,pre
6138,pre
6139,pre
6140,pre
6141,pre
6142,pre
6143,pre
6144,pre
6145,pre
6146,pre
6147,pre
6148,pre
6149,pre
6150,pre
6151,pre
6152,pre
6153,pre
6154,pre
6155,pre
6156,pre
6157,pre
6158,pre
6159,pre
6160,pre
6161,pre
6162,pre
6163,pre
6164,pre
6165,pre
6166,pre
6167,pre
6168,pre
6169,pre
6170,pre
6171,pre
6172,pre
6173,pre
6174,pre
6175,pre
6176,pre
6177,pre
6178,pre
6179,pre
6180,pre
6181,pre
6182,pre
6183,pre
6184,pre
6185,pre
6186,pre
6187,pre
6188,pre
6189,pre
6190,pre
6191,pre
6192,pre
6193,pre
6194,pre
6195,pre
6196,pre
6197,pre
6198,pre
6199,pre
6200,pre
6201,pre
6202,pre
6203,pre
6204,pre
6205,pre
6206,pre
6207,pre
6208,pre
6209,pre
6210,pre
6211,pre
6212,pre
6213,pre
6214,pre
6215,pre
6216,pre
6217,pre
6218,pre
6219,pre
6220,pre
6221,pre
6222,pre
6223,pre
6224,pre
6225,pre
6226,pre
6227,pre
6228,pre
6229,pre
6230,pre
6231,pre
6232,pre
6233,pre
6234,pre
6235,pre
6236,pre
6237,pre
6238,pre
6239,pre
6240,pre
6241,pre
6242,pre
6243,pre
6244,pre
6245,pre
6246,pre
6247,pre
6248,pre
6249,pre
6250,pre
6251,pre
6252,pre
6253,pre
6254,pre
6255,pre
6256,pre
6257,pre
6258,pre
6259,pre
6260,pre
6261,pre
6262,pre
6263,pre
6264,pre
6265,pre
6266,pre
6267,pre
6268,pre
6269,pre
6270,pre
6271,pre
6272,pre
6273,pre
6274,pre
6275,pre
6276,pre
6277,pre
6278,pre
6279,pre
6280,pre
6281,pre
6282,pre
6283,pre
6284,pre
6285,pre
6286,pre
6287,pre
6288,pre
6289,pre
6290,pre
6291,pre
6292,pre
6293,pre
6294,pre
6295,pre
6296,pre
6297,pre
6298,pre
6299,pre
6300,pre
6301,pre
6302,pre
6303,pre
6304,pre
6305,pre
6306,pre
6307,pre
6308,pre
6309,pre
6310,pre
6311,pre
6312,pre
6313,pre
6314,pre
6315,pre
6316,pre
6317,pre
6318,pre
6319,pre
6320,pre
6321,pre
6322,pre
6323,pre
6324,pre
6325,pre
6326,pre
6327,pre
6328,pre
6329,pre
6330,pre
6331,pre
6332,pre
6333,pre
6334,pre
6335,pre
6336,pre
6337,pre
6338,pre
6339,pre
6340,pre
6341,pre
6342,pre
6343,pre
6344,pre
6345,pre
6346,pre
6347,pre
6348,pre
6349,pre
6350,pre
6351,pre
6352,pre
6353,pre
6354,pre
6355,pre
6356,pre
6357,pre
6358,pre
6359,pre
6360,pre
6361,pre
6362,pre
6363,pre
6364,pre
6365,pre
6366,pre
6367,pre
6368,pre
6369,pre
6370,pre
6371,pre
6372,pre
6373,pre
6374,pre
6375,pre
6376,pre
6377,pre
6378,pre
6379,pre
6380,pre
6381,pre
6382,pre
6383,pre
6384,pre
6385,pre
6386,pre
6387,pre
6388,pre
6389,pre
6390,pre
6391,pre
6392,pre
6393,pre
6394,pre
6395,pre
6396,pre
6397,pre
6398,pre
6399,pre
6400,pre
6401,pre
6402,pre
6403,pre
6404,pre
6405,pre
6406,pre
6407,pre
6408,pre
6409,pre
6410,pre
6411,pre
6412,pre
6413,pre
6414,pre
6415,pre
6416,pre
6417,pre
6418,pre
6419,pre
6420,pre
6421,pre
6422,pre
6423,pre
6424,pre
6425,pre
6426,pre
6427,pre
6428,pre
6429,pre
6430,pre
6431,pre
6432,pre
6433,pre
6434,pre
6435,pre
6436,pre
6437,pre
6438,pre
6439,pre
6440,pre
6441,pre
6442,pre
6443,pre
6444,pre
6445,pre
6446,pre
6447,pre
6448,pre
6449,pre
6450,pre
6451,pre
6452,pre
6453,pre
6454,pre
6455,pre
6456,pre
6457,pre
6458,pre
6459,pre
6460,pre
6461,pre
6462,pre
6463,pre
6464,pre
6465,pre
6466,pre
6467,pre
6468,pre
6469,pre
6470,pre
6471,pre
6472,pre
6473,pre
6474,pre
6475,pre
6476,pre
6477,pre
6478,pre
6479,pre
6480,pre
6481,pre
6482,pre
6483,pre
6484,pre
6485,pre
6486,pre
6487,pre
6488,pre
6489,pre
6490,pre
6491,pre
6492,pre
6493,pre
6494,pre
6495,pre
6496,pre
6497,pre
6498,pre
6499,pre
6500,pre
6501,pre
6502,pre
6503,pre
6504,pre
6505,pre
6506,pre
6507,pre
6508,pre
6509,pre
6510,pre
6511,pre
6512,pre
6513,pre
6514,pre
6515,pre
6516,pre
6517,pre
6518,pre
6519,pre
6520,pre
6521,pre
6522,pre
6523,pre
6524,pre
6525,pre
6526,pre
6527,pre
6528,pre
6529,pre
6530,pre
6531,pre
6532,pre
6533,pre
6534,pre
6535,pre
6536,pre
6537,pre
6538,pre
6539,pre
6540,pre
6541,pre
6542,pre
6543,pre
6544,pre
6545,pre
6546,pre
6547,pre
6548,pre
6549,pre
6550,pre
6551,pre
6552,pre
6553,pre
6554,pre
6555,pre
6556,pre
6557,pre
6558,pre
6559,pre
6560,pre
6561,pre
6562,pre
6563,pre
6564,pre
6565,pre
6566,pre
6567,pre
6568,pre
6569,pre
6570,pre
6571,pre
6572,pre
6573,pre
6574,pre
6575,pre
6576,pre
6577,pre
6578,pre
6579,pre
6580,pre
6581,pre
6582,pre
6583,pre
6584,pre
6585,pre
6586,pre
6587,pre
6588,pre
6589,pre
6590,pre
6591,pre
6592,pre
6593,pre
6594,pre
6595,pre
6596,pre
6597,pre
6598,pre
6599,pre
6600,pre
6601,pre
6602,pre
6603,pre
6604,pre
6605,pre
6606,pre
6607,pre
6608,pre
6609,pre
6610,pre
6611,pre
6612,pre
6613,pre
6614,pre
6615,pre
6616,pre
6617,pre
6618,pre
6619,pre
6620,pre
6621,pre
6622,pre
6623,pre
6624,pre
6625,pre
6626,pre
6627,pre
6628,pre
6629,pre
6630,pre
6631,pre
6632,pre
6633,pre
6634,pre
6635,pre
6636,pre
6637,pre
6638,pre
6639,pre
6640,pre
6641,pre
6642,pre
6643,pre
6644,pre
6645,pre
6646,pre
6647,pre
6648,pre
6649,pre
6650,pre
6651,pre
6652,pre
6653,pre
6654,pre
6655,pre
6656,pre
6657,pre
6658,pre
6659,pre
6660,pre
6661,pre
6662,pre
6663,pre
6664,pre
6665,pre
6666,pre
6667,pre
6668,pre
6669,pre
6670,pre
6671,pre
6672,pre
6673,pre
6674,pre
6675,pre
6676,pre
6677,pre
6678,pre
6679,pre
6680,pre
6681,pre
6682,pre
6683,pre
6684,pre
6685,pre
6686,pre
6687,pre
6688,pre
6689,pre
6690,pre
6691,pre
6692,pre
6693,pre
6694,pre
6695,pre
6696,pre
6697,pre
6698,pre
6699,pre
6700,pre
6701,pre
6702,pre
6703,pre
6704,pre
6705,pre
6706,pre
6707,pre
6708,pre
6709,pre
6710,pre
6711,pre
6712,pre
6713,pre
6714,pre
6715,pre
6716,pre
6717,pre
6718,pre
6719,pre
6720,pre
6721,pre
6722,pre
6723,pre
6724,pre
6725,pre
6726,pre
6727,pre
6728,pre
6729,pre
6730,pre
6731,pre
6732,pre
6733,pre
6734,pre
6735,pre
6736,pre
6737,pre
6738,pre
6739,pre
6740,pre
6741,pre
6742,pre
6743,pre
6744,pre
6745,pre
6746,pre
6747,pre
6748,pre
6749,pre
6750,pre
6751,pre
6752,pre
6753,pre
6754,pre
6755,pre
6756,pre
6757,pre
6758,pre
6759,pre
6760,pre
6761,pre
6762,pre
6763,pre
6764,pre
6765,pre
6766,pre
6767,pre
6768,pre
6769,pre
6770,pre
6771,pre
6772,pre
6773,pre
6774,pre
6775,pre
6776,pre
6777,pre
6778,pre
6779,pre
6780,pre
6781,pre
6782,pre
6783,pre
6784,pre
6785,pre
6786,pre
6787,pre
6788,pre
6789,pre
6790,pre
6791,pre
6792,pre
6793,pre
6794,pre
6795,pre
6796,pre
6797,pre
6798,pre
6799,pre
6800,pre
6801,pre
6802,pre
6803,pre
6804,pre
6805,pre
6806,pre
6807,pre
6808,pre
6809,pre
6810,pre
6811,pre
6812,pre
6813,pre
6814,pre
6815,pre
6816,pre
6817,pre
6818,pre
6819,pre
6820,pre
6821,pre
6822,pre
6823,pre
6824,pre
6825,pre
6826,pre
6827,pre
6828,pre
6829,pre
6830,pre
6831,pre
6832,pre
6833,pre
6834,pre
6835,pre
6836,pre
6837,pre
6838,pre
6839,pre
6840,pre
6841,pre
6842,pre
6843,pre
6844,pre
6845,pre
6846,pre
6847,pre
6848,pre
6849,pre
6850,pre
6851,pre
6852,pre
6853,pre
6854,pre
6855,pre
6856,pre
6857,pre
6858,pre
6859,pre
6860,pre
6861,pre
6862,pre
6863,pre
6864,pre
6865,pre
6866,pre
6867,pre
6868,pre
6869,pre
6870,pre
6871,pre
6872,pre
6873,pre
6874,pre
6875,pre
6876,pre
6877,pre
6878,pre
6879,pre
6880,pre
6881,pre
6882,pre
6883,pre
6884,pre
6885,pre
6886,pre
6887,pre
6888,pre
6889,pre
6890,pre
6891,pre
6892,pre
6893,pre
6894,pre
6895,pre
6896,pre
6897,pre
6898,pre
6899,pre
6900,pre
6901,pre
6902,pre
6903,pre
6904,pre
6905,pre
6906,pre
6907,pre
6908,pre
6909,pre
6910,pre
6911,pre
6912,pre
6913,pre
6914,pre
6915,pre
6916,pre
6917,pre
6918,pre
6919,pre
6920,pre
6921,pre
6922,pre
6923,pre
6924,pre
6925,pre
6926,pre
6927,pre
6928,pre
6929,pre
6930,pre
6931,pre
6932,pre
6933,pre
6934,pre
6935,pre
6936,pre
6937,pre
6938,pre
6939,pre
6940,pre
6941,pre
6942,pre
6943,pre
6944,pre
6945,pre
6946,pre
6947,pre
6948,pre
6949,pre
6950,pre
6951,pre
6952,pre
6953,pre
6954,pre
6955,pre
6956,pre
6957,pre
6958,pre
6959,pre
6960,pre
6961,pre
6962,pre
6963,pre
6964,pre
6965,pre
6966,pre
6967,pre
6968,pre
6969,pre
6970,pre
6971,pre
6972,pre
6973,pre
6974,pre
6975,pre
6976,pre
6977,pre
6978,pre
6979,pre
6980,pre
6981,pre
6982,pre
6983,pre
6984,pre
6985,pre
6986,pre
6987,pre
6988,pre
6989,pre
6990,pre
6991,pre
6992,pre
6993,pre
6994,pre
6995,pre
6996,pre
6997,pre
6998,post
6999,pre
7000,post
7001,pre
7002,pre
7003,pre
7004,pre
