1,post
2,pre
3,pre
4,pre
5,pre
6,pre
7,pre
8,pre
9,pre
10,pre
11,pre
12,pre
13,pre
14,pre
15,pre
16,pre
17,pre
18,pre
19,pre
20,pre
21,pre
22,pre
23,pre
24,pre
25,pre
26,pre
27,pre
28,pre
29,pre
30,pre
31,pre
32,pre
33,pre
34,pre
35,pre
36,pre
37,pre
38,pre
39,pre
40,pre
41,pre
42,pre
43,pre
44,pre
45,pre
46,pre
47,pre
48,pre
49,pre
50,pre
51,pre
52,pre
53,pre
54,pre
55,pre
56,pre
57,pre
58,pre
59,pre
60,pre
61,pre
62,pre
63,pre
64,pre
65,pre
66,pre
67,pre
68,pre
69,pre
70,pre
71,pre
72,pre
73,pre
74,pre
75,pre
76,pre
77,pre
78,pre
79,pre
80,pre
81,pre
82,pre
83,pre
84,pre
85,pre
86,pre
87,pre
88,pre
89,pre
90,pre
91,pre
92,pre
93,pre
94,pre
95,pre
96,pre
97,pre
98,pre
99,pre
100,pre
101,pre
102,pre
103,pre
104,pre
105,pre
106,pre
107,pre
108,pre
109,pre
110,pre
111,pre
112,pre
113,pre
114,pre
115,pre
116,pre
117,pre
118,pre
119,pre
120,pre
121,pre
122,pre
123,pre
124,pre
125,pre
126,pre
127,pre
128,pre
129,pre
130,pre
131,pre
132,pre
133,pre
134,pre
135,pre
136,pre
137,pre
138,pre
139,pre
140,pre
141,pre
142,pre
143,pre
144,pre
145,pre
146,pre
147,pre
148,pre
149,pre
150,pre
151,pre
152,pre
153,pre
154,pre
155,pre
156,pre
157,pre
158,pre
159,pre
160,pre
161,pre
162,pre
163,pre
164,pre
165,pre
166,pre
167,pre
168,pre
169,pre
170,pre
171,pre
172,pre
173,pre
174,pre
175,pre
176,pre
177,pre
178,pre
179,pre
180,pre
181,pre
182,pre
183,pre
184,pre
185,pre
186,pre
187,pre
188,pre
189,pre
190,pre
191,pre
192,pre
193,pre
194,pre
195,pre
196,pre
197,pre
198,pre
199,pre
200,pre
201,pre
202,pre
203,pre
204,pre
205,pre
206,pre
207,pre
208,pre
209,pre
210,pre
211,pre
212,pre
213,pre
214,pre
215,pre
216,pre
217,pre
218,pre
219,pre
220,pre
221,pre
222,pre
223,pre
224,pre
225,pre
226,pre
227,pre
228,pre
229,pre
230,pre
231,pre
232,pre
233,pre
234,pre
235,pre
236,pre
237,pre
238,pre
239,pre
240,pre
241,pre
242,pre
243,pre
244,pre
245,pre
246,pre
247,pre
248,pre
249,pre
250,pre
251,pre
252,pre
253,pre
254,pre
255,pre
256,pre
257,pre
258,pre
259,pre
260,pre
261,pre
262,pre
263,pre
264,pre
265,pre
266,pre
267,pre
268,pre
269,pre
270,pre
271,pre
272,pre
273,pre
274,pre
275,pre
276,pre
277,pre
278,pre
279,pre
280,pre
281,pre
282,pre
283,pre
284,pre
285,pre
286,pre
287,pre
288,pre
289,pre
290,pre
291,pre
292,pre
293,pre
294,pre
295,pre
296,pre
297,pre
298,pre
299,pre
300,pre
301,pre
302,pre
303,pre
304,pre
305,pre
306,pre
307,pre
308,pre
309,pre
310,pre
311,pre
312,pre
313,pre
314,pre
315,pre
316,pre
317,pre
318,pre
319,pre
320,pre
321,pre
322,pre
323,pre
324,pre
325,pre
326,pre
327,pre
328,pre
329,pre
330,pre
331,pre
332,pre
333,pre
334,pre
335,pre
336,pre
337,pre
338,pre
339,pre
340,pre
341,pre
342,pre
343,pre
344,pre
345,pre
346,pre
347,pre
348,pre
349,pre
350,pre
351,pre
352,pre
353,pre
354,pre
355,pre
356,pre
357,pre
358,pre
359,pre
360,pre
361,pre
362,pre
363,pre
364,pre
365,pre
366,pre
367,pre
368,pre
369,pre
370,pre
371,pre
372,pre
373,pre
374,pre
375,pre
376,pre
377,pre
378,pre
379,pre
380,pre
381,pre
382,pre
383,pre
384,pre
385,pre
386,pre
387,pre
388,pre
389,pre
390,pre
391,pre
392,pre
393,pre
394,pre
395,pre
396,pre
397,pre
398,pre
399,pre
400,pre
401,pre
402,pre
403,pre
404,pre
405,pre
406,pre
407,pre
408,pre
409,pre
410,pre
411,pre
412,pre
413,pre
414,pre
415,pre
416,pre
417,pre
418,pre
419,pre
420,pre
421,pre
422,pre
423,pre
424,pre
425,pre
426,pre
427,pre
428,pre
429,pre
430,pre
431,pre
432,pre
433,pre
434,pre
435,pre
436,pre
437,pre
438,pre
439,pre
440,pre
441,pre
442,pre
443,pre
444,pre
445,pre
446,pre
447,pre
448,pre
449,pre
450,pre
451,pre
452,pre
453,pre
454,pre
455,pre
456,pre
457,pre
458,pre
459,pre
460,pre
461,pre
462,pre
463,pre
464,pre
465,pre
466,pre
467,pre
468,pre
469,pre
470,pre
471,pre
472,pre
473,pre
474,pre
475,pre
476,pre
477,pre
478,pre
479,pre
480,pre
481,pre
482,pre
483,pre
484,pre
485,pre
486,pre
487,pre
488,pre
489,pre
490,pre
491,pre
492,pre
493,pre
494,pre
495,pre
496,pre
497,pre
498,pre
499,pre
500,pre
501,pre
502,pre
503,pre
504,pre
505,pre
506,pre
507,pre
508,pre
509,pre
510,pre
511,pre
512,pre
513,pre
514,pre
515,pre
516,pre
517,pre
518,pre
519,pre
520,pre
521,pre
522,pre
523,pre
524,pre
525,pre
526,pre
527,pre
528,pre
529,pre
530,pre
531,pre
532,pre
533,pre
534,pre
535,pre
536,pre
537,pre
538,pre
539,pre
540,pre
541,pre
542,pre
543,pre
544,pre
545,pre
546,pre
547,pre
548,pre
549,pre
550,pre
551,pre
552,pre
553,pre
554,pre
555,pre
556,pre
557,pre
558,pre
559,pre
560,pre
561,pre
562,pre
563,pre
564,pre
565,pre
566,pre
567,pre
568,pre
569,pre
570,pre
571,pre
572,pre
573,pre
574,pre
575,pre
576,pre
577,pre
578,pre
579,pre
580,pre
581,pre
582,pre
583,pre
584,pre
585,pre
586,pre
587,pre
588,pre
589,pre
590,pre
591,pre
592,pre
593,pre
594,pre
595,pre
596,pre
597,pre
598,pre
599,pre
600,pre
601,pre
602,pre
603,pre
604,pre
605,pre
606,pre
607,pre
608,pre
609,pre
610,pre
611,pre
612,pre
613,pre
614,pre
615,pre
616,pre
617,pre
618,pre
619,pre
620,pre
621,pre
622,pre
623,pre
624,pre
625,pre
626,pre
627,pre
628,pre
629,pre
630,pre
631,pre
632,pre
633,pre
634,pre
635,pre
636,pre
637,pre
638,pre
639,pre
640,pre
641,pre
642,pre
643,pre
644,pre
645,pre
646,pre
647,pre
648,pre
649,pre
650,pre
651,pre
652,pre
653,pre
654,pre
655,pre
656,pre
657,pre
658,pre
659,pre
660,pre
661,pre
662,pre
663,pre
664,pre
665,pre
666,pre
667,pre
668,pre
669,pre
670,pre
671,pre
672,pre
673,pre
674,pre
675,pre
676,pre
677,pre
678,pre
679,pre
680,pre
681,pre
682,pre
683,pre
684,pre
685,pre
686,pre
687,pre
688,pre
689,pre
690,pre
691,pre
692,pre
693,pre
694,pre
695,pre
696,pre
697,pre
698,pre
699,pre
700,pre
701,pre
702,pre
703,pre
704,pre
705,pre
706,pre
707,pre
708,pre
709,pre
710,pre
711,pre
712,pre
713,pre
714,pre
715,pre
716,pre
717,pre
718,pre
719,pre
720,pre
721,pre
722,pre
723,pre
724,pre
725,pre
726,pre
727,pre
728,pre
729,pre
730,pre
731,pre
732,pre
733,pre
734,pre
735,pre
736,pre
737,pre
738,pre
739,pre
740,pre
741,pre
742,pre
743,pre
744,pre
745,pre
746,pre
747,pre
748,pre
749,pre
750,pre
751,pre
752,pre
753,pre
754,pre
755,pre
756,pre
757,pre
758,pre
759,pre
760,pre
761,pre
762,pre
763,pre
764,pre
765,pre
766,pre
767,pre
768,pre
769,pre
770,pre
771,pre
772,pre
773,pre
774,pre
775,pre
776,pre
777,pre
778,pre
779,pre
780,pre
781,pre
782,pre
783,pre
784,pre
785,pre
786,pre
787,pre
788,pre
789,pre
790,pre
791,pre
792,pre
793,pre
794,pre
795,pre
796,pre
797,pre
798,pre
799,pre
800,pre
801,pre
802,pre
803,pre
804,pre
805,pre
806,pre
807,pre
808,pre
809,pre
810,pre
811,pre
812,pre
813,pre
814,pre
815,pre
816,pre
817,pre
818,pre
819,pre
820,pre
821,pre
822,pre
823,pre
824,pre
825,pre
826,pre
827,pre
828,pre
829,pre
830,pre
831,pre
832,pre
833,pre
834,pre
835,pre
836,pre
837,pre
838,pre
839,pre
840,pre
841,pre
842,pre
843,pre
844,pre
845,pre
846,pre
847,pre
848,pre
849,pre
850,pre
851,pre
852,pre
853,pre
854,pre
855,pre
856,pre
857,pre
858,pre
859,pre
860,pre
861,pre
862,pre
863,pre
864,pre
865,pre
866,pre
867,pre
868,pre
869,pre
870,pre
871,pre
872,pre
873,pre
874,pre
875,pre
876,pre
877,pre
878,pre
879,pre
880,pre
881,pre
882,pre
883,pre
884,pre
885,pre
886,pre
887,pre
888,pre
889,pre
890,pre
891,pre
892,pre
893,pre
894,pre
895,pre
896,pre
897,pre
898,pre
899,pre
900,pre
901,pre
902,pre
903,pre
904,pre
905,pre
906,pre
907,pre
908,pre
909,pre
910,pre
911,pre
912,pre
913,pre
914,pre
915,pre
916,pre
917,pre
918,pre
919,pre
920,pre
921,pre
922,pre
923,pre
924,pre
925,pre
926,pre
927,pre
928,pre
929,pre
930,pre
931,pre
932,pre
933,pre
934,pre
935,pre
936,pre
937,pre
938,pre
939,pre
940,pre
941,pre
942,pre
943,pre
944,pre
945,pre
946,pre
947,pre
948,pre
949,pre
950,pre
951,pre
952,pre
953,pre
954,pre
955,pre
956,pre
957,pre
958,pre
959,pre
960,pre
961,pre
962,pre
963,pre
964,pre
965,pre
966,pre
967,pre
968,pre
969,pre
970,pre
971,pre
972,pre
973,pre
974,pre
975,pre
976,pre
977,pre
978,pre
979,pre
980,pre
981,pre
982,pre
983,pre
984,pre
985,pre
986,pre
987,pre
988,pre
989,pre
990,pre
991,pre
992,pre
993,pre
994,pre
995,pre
996,pre
997,pre
998,pre
999,pre
1000,pre
1001,pre
1002,pre
1003,pre
1004,pre
1005,pre
1006,pre
1007,pre
1008,pre
1009,pre
1010,pre
1011,pre
1012,pre
1013,pre
1014,pre
1015,pre
1016,pre
1017,pre
1018,pre
1019,pre
1020,pre
1021,pre
1022,pre
1023,pre
1024,pre
1025,pre
1026,pre
1027,pre
1028,pre
1029,pre
1030,pre
1031,pre
1032,pre
1033,pre
1034,pre
1035,pre
1036,pre
1037,pre
1038,pre
1039,pre
1040,pre
1041,pre
1042,pre
1043,pre
1044,pre
1045,pre
1046,pre
1047,pre
1048,pre
1049,pre
1050,pre
1051,pre
1052,pre
1053,pre
1054,pre
1055,pre
1056,pre
1057,pre
1058,pre
1059,pre
1060,pre
1061,pre
1062,pre
1063,pre
1064,pre
1065,pre
1066,pre
1067,pre
1068,pre
1069,pre
1070,pre
1071,pre
1072,pre
1073,pre
1074,pre
1075,pre
1076,pre
1077,pre
1078,pre
1079,pre
1080,pre
1081,pre
1082,pre
1083,pre
1084,pre
1085,pre
1086,pre
1087,pre
1088,pre
1089,pre
1090,pre
1091,pre
1092,pre
1093,pre
1094,pre
1095,pre
1096,pre
1097,pre
1098,pre
1099,pre
1100,pre
1101,pre
1102,pre
1103,pre
1104,pre
1105,pre
1106,pre
1107,pre
1108,pre
1109,pre
1110,pre
1111,pre
1112,pre
1113,pre
1114,pre
1115,pre
1116,pre
1117,pre
1118,pre
1119,pre
1120,pre
1121,pre
1122,pre
1123,pre
1124,pre
1125,pre
1126,pre
1127,pre
1128,pre
1129,pre
1130,pre
1131,pre
1132,pre
1133,pre
1134,pre
1135,pre
1136,pre
1137,pre
1138,pre
1139,pre
1140,pre
1141,pre
1142,pre
1143,pre
1144,pre
1145,pre
1146,pre
1147,pre
1148,pre
1149,pre
1150,pre
1151,pre
1152,pre
1153,pre
1154,pre
1155,pre
1156,pre
1157,pre
1158,pre
1159,pre
1160,pre
1161,pre
1162,pre
1163,pre
1164,pre
1165,pre
1166,pre
1167,pre
1168,pre
1169,pre
1170,pre
1171,pre
1172,pre
1173,pre
1174,pre
1175,pre
1176,pre
1177,pre
1178,pre
1179,pre
1180,pre
1181,pre
1182,pre
1183,pre
1184,pre
1185,pre
1186,pre
1187,pre
1188,pre
1189,pre
1190,pre
1191,pre
1192,pre
1193,pre
1194,pre
1195,pre
1196,pre
1197,pre
1198,pre
1199,pre
1200,pre
1201,pre
1202,pre
1203,pre
1204,pre
1205,pre
1206,pre
1207,pre
1208,pre
1209,pre
1210,pre
1211,pre
1212,pre
1213,pre
1214,pre
1215,pre
1216,pre
1217,pre
1218,pre
1219,pre
1220,pre
1221,pre
1222,pre
1223,pre
1224,pre
1225,pre
1226,pre
1227,pre
1228,pre
1229,pre
1230,pre
1231,pre
1232,pre
1233,pre
1234,pre
1235,pre
1236,pre
1237,pre
1238,pre
1239,pre
1240,pre
1241,pre
1242,pre
1243,pre
1244,pre
1245,pre
1246,pre
1247,pre
1248,pre
1249,pre
1250,pre
1251,pre
1252,pre
1253,pre
1254,pre
1255,pre
1256,pre
1257,pre
1258,pre
1259,pre
1260,pre
1261,pre
1262,pre
1263,pre
1264,pre
1265,pre
1266,pre
1267,pre
1268,pre
1269,pre
1270,pre
1271,pre
1272,pre
1273,pre
1274,pre
1275,pre
1276,pre
1277,pre
1278,pre
1279,pre
1280,pre
1281,pre
1282,pre
1283,pre
1284,pre
1285,pre
1286,pre
1287,pre
1288,pre
1289,pre
1290,pre
1291,pre
1292,pre
1293,pre
1294,pre
1295,pre
1296,pre
1297,pre
1298,pre
1299,pre
1300,pre
1301,pre
1302,pre
1303,pre
1304,pre
1305,pre
1306,pre
1307,pre
1308,pre
1309,pre
1310,pre
1311,pre
1312,pre
1313,pre
1314,pre
1315,pre
1316,pre
1317,pre
1318,pre
1319,pre
1320,pre
1321,pre
1322,pre
1323,pre
1324,pre
1325,pre
1326,pre
1327,pre
1328,pre
1329,pre
1330,pre
1331,pre
1332,pre
1333,pre
1334,pre
1335,pre
1336,pre
1337,pre
1338,pre
1339,pre
1340,pre
1341,pre
1342,pre
1343,pre
1344,pre
1345,pre
1346,pre
1347,pre
1348,pre
1349,pre
1350,pre
1351,pre
1352,pre
1353,pre
1354,pre
1355,pre
1356,pre
1357,pre
1358,pre
1359,pre
1360,pre
1361,pre
1362,pre
1363,pre
1364,pre
1365,pre
1366,pre
1367,pre
1368,pre
1369,pre
1370,pre
1371,pre
1372,pre
1373,pre
1374,pre
1375,pre
1376,pre
1377,pre
1378,pre
1379,pre
1380,pre
1381,pre
1382,pre
1383,pre
1384,pre
1385,pre
1386,pre
1387,pre
1388,pre
1389,pre
1390,pre
1391,pre
1392,pre
1393,pre
1394,pre
1395,pre
1396,pre
1397,pre
1398,pre
1399,pre
1400,pre
1401,pre
1402,pre
1403,pre
1404,pre
1405,pre
1406,pre
1407,pre
1408,pre
1409,pre
1410,pre
1411,pre
1412,pre
1413,pre
1414,pre
1415,pre
1416,pre
1417,pre
1418,pre
1419,pre
1420,pre
1421,pre
1422,pre
1423,pre
1424,pre
1425,pre
1426,pre
1427,pre
1428,pre
1429,pre
1430,pre
1431,pre
1432,pre
1433,pre
1434,pre
1435,pre
1436,pre
1437,pre
1438,pre
1439,pre
1440,pre
1441,pre
1442,pre
1443,pre
1444,pre
1445,pre
1446,pre
1447,pre
1448,pre
1449,pre
1450,pre
1451,pre
1452,pre
1453,pre
1454,pre
1455,pre
1456,pre
1457,pre
1458,pre
1459,pre
1460,pre
1461,pre
1462,pre
1463,pre
1464,pre
1465,pre
1466,pre
1467,pre
1468,pre
1469,pre
1470,pre
1471,pre
1472,pre
1473,pre
1474,pre
1475,pre
1476,pre
1477,pre
1478,pre
1479,pre
1480,pre
1481,pre
1482,pre
1483,pre
1484,pre
1485,pre
1486,pre
1487,pre
1488,pre
1489,pre
1490,pre
1491,pre
1492,pre
1493,pre
1494,pre
1495,pre
1496,pre
1497,pre
1498,pre
1499,pre
1500,pre
1501,pre
1502,pre
1503,pre
1504,pre
1505,pre
1506,pre
1507,pre
1508,pre
1509,pre
1510,pre
1511,pre
1512,pre
1513,pre
1514,pre
1515,pre
1516,pre
1517,pre
1518,pre
1519,pre
1520,pre
1521,pre
1522,pre
1523,pre
1524,pre
1525,pre
1526,pre
1527,pre
1528,pre
1529,pre
1530,pre
1531,pre
1532,pre
1533,pre
1534,pre
1535,pre
1536,pre
1537,pre
1538,pre
1539,pre
1540,pre
1541,pre
1542,pre
1543,pre
1544,pre
1545,pre
1546,pre
1547,pre
1548,pre
1549,pre
1550,pre
1551,pre
1552,pre
1553,pre
1554,pre
1555,pre
1556,pre
1557,pre
1558,pre
1559,pre
1560,pre
1561,pre
1562,pre
1563,pre
1564,pre
1565,pre
1566,pre
1567,pre
1568,pre
1569,pre
1570,pre
1571,pre
1572,pre
1573,pre
1574,pre
1575,pre
1576,pre
1577,pre
1578,pre
1579,pre
1580,pre
1581,pre
1582,pre
1583,pre
1584,pre
1585,pre
1586,pre
1587,pre
1588,pre
1589,pre
1590,pre
1591,pre
1592,pre
1593,pre
1594,pre
1595,pre
1596,pre
1597,pre
1598,pre
1599,pre
1600,pre
1601,pre
1602,pre
1603,pre
1604,pre
1605,pre
1606,pre
1607,pre
1608,pre
1609,pre
1610,pre
1611,pre
1612,pre
1613,pre
1614,pre
1615,pre
1616,pre
1617,pre
1618,pre
1619,pre
1620,pre
1621,pre
1622,pre
1623,pre
1624,pre
1625,pre
1626,pre
1627,pre
1628,pre
1629,pre
1630,pre
1631,pre
1632,pre
1633,pre
1634,pre
1635,pre
1636,pre
1637,pre
1638,pre
1639,pre
1640,pre
1641,pre
1642,pre
1643,pre
1644,pre
1645,pre
1646,pre
1647,pre
1648,pre
1649,pre
1650,pre
1651,pre
1652,pre
1653,pre
1654,pre
1655,pre
1656,pre
1657,pre
1658,pre
1659,pre
1660,pre
1661,pre
1662,pre
1663,pre
1664,pre
1665,pre
1666,pre
1667,pre
1668,pre
1669,pre
1670,pre
1671,pre
1672,pre
1673,pre
1674,pre
1675,pre
1676,pre
1677,pre
1678,pre
1679,pre
1680,pre
1681,pre
1682,pre
1683,pre
1684,pre
1685,pre
1686,pre
1687,pre
1688,pre
1689,pre
1690,pre
1691,pre
1692,pre
1693,pre
1694,pre
1695,pre
1696,pre
1697,pre
1698,pre
1699,pre
1700,pre
1701,pre
1702,pre
1703,pre
1704,pre
1705,pre
1706,pre
1707,pre
1708,pre
1709,pre
1710,pre
1711,pre
1712,pre
1713,pre
1714,pre
1715,pre
1716,pre
1717,pre
1718,pre
1719,pre
1720,pre
1721,pre
1722,pre
1723,pre
1724,pre
1725,pre
1726,pre
1727,pre
1728,pre
1729,pre
1730,pre
1731,pre
1732,pre
1733,pre
1734,pre
1735,pre
1736,pre
1737,pre
1738,pre
1739,pre
1740,pre
1741,pre
1742,pre
1743,pre
1744,pre
1745,pre
1746,pre
1747,pre
1748,pre
1749,pre
1750,pre
1751,pre
1752,pre
1753,pre
1754,pre
1755,pre
1756,pre
1757,pre
1758,pre
1759,pre
1760,pre
1761,pre
1762,pre
1763,pre
1764,pre
1765,pre
1766,pre
1767,pre
1768,pre
1769,pre
1770,pre
1771,pre
1772,pre
1773,pre
1774,pre
1775,pre
1776,pre
1777,pre
1778,pre
1779,pre
1780,pre
1781,pre
1782,pre
1783,pre
1784,pre
1785,pre
1786,pre
1787,pre
1788,pre
1789,pre
1790,pre
1791,pre
1792,pre
1793,pre
1794,pre
1795,pre
1796,pre
1797,pre
1798,pre
1799,pre
1800,pre
1801,pre
1802,pre
1803,pre
1804,pre
1805,pre
1806,pre
1807,pre
1808,pre
1809,pre
1810,pre
1811,pre
1812,pre
1813,pre
1814,pre
1815,pre
1816,pre
1817,pre
1818,pre
1819,pre
1820,pre
1821,pre
1822,pre
1823,pre
1824,pre
1825,pre
1826,pre
1827,pre
1828,pre
1829,pre
1830,pre
1831,pre
1832,pre
1833,pre
1834,pre
1835,pre
1836,pre
1837,pre
1838,pre
1839,pre
1840,pre
1841,pre
1842,pre
1843,pre
1844,pre
1845,pre
1846,pre
1847,pre
1848,pre
1849,pre
1850,pre
1851,pre
1852,pre
1853,pre
1854,pre
1855,pre
1856,pre
1857,pre
1858,pre
1859,pre
1860,pre
1861,pre
1862,pre
1863,pre
1864,pre
1865,pre
1866,pre
1867,pre
1868,pre
1869,pre
1870,pre
1871,pre
1872,pre
1873,pre
1874,pre
1875,pre
1876,pre
1877,pre
1878,pre
1879,pre
1880,pre
1881,pre
1882,pre
1883,pre
1884,pre
1885,pre
1886,pre
1887,pre
1888,pre
1889,pre
1890,pre
1891,pre
1892,pre
1893,pre
1894,pre
1895,pre
1896,pre
1897,pre
1898,pre
1899,pre
1900,pre
1901,pre
1902,pre
1903,pre
1904,pre
1905,pre
1906,pre
1907,pre
1908,pre
1909,pre
1910,pre
1911,pre
1912,pre
1913,pre
1914,pre
1915,pre
1916,pre
1917,pre
1918,pre
1919,pre
1920,pre
1921,pre
1922,pre
1923,pre
1924,pre
1925,pre
1926,pre
1927,pre
1928,pre
1929,pre
1930,pre
1931,pre
1932,pre
1933,pre
1934,pre
1935,pre
1936,pre
1937,pre
1938,pre
1939,pre
1940,pre
1941,pre
1942,pre
1943,pre
1944,pre
1945,pre
1946,pre
1947,pre
1948,pre
1949,pre
1950,pre
1951,pre
1952,pre
1953,pre
1954,pre
1955,pre
1956,pre
1957,pre
1958,pre
1959,pre
1960,pre
1961,pre
1962,pre
1963,pre
1964,pre
1965,pre
1966,pre
1967,pre
1968,pre
1969,pre
1970,pre
1971,pre
1972,pre
1973,pre
1974,pre
1975,pre
1976,pre
1977,pre
1978,pre
1979,pre
1980,pre
1981,pre
1982,pre
1983,pre
1984,pre
1985,pre
1986,pre
1987,pre
1988,pre
1989,pre
1990,pre
1991,pre
1992,pre
1993,pre
1994,pre
1995,pre
1996,pre
1997,pre
1998,pre
1999,pre
2000,pre
2001,pre
2002,pre
2003,pre
2004,pre
2005,pre
2006,pre
2007,pre
2008,pre
2009,pre
2010,pre
2011,pre
2012,pre
2013,pre
2014,pre
2015,pre
2016,pre
2017,pre
2018,pre
2019,pre
2020,pre
2021,pre
2022,pre
2023,pre
2024,pre
2025,pre
2026,pre
2027,pre
2028,pre
2029,pre
2030,pre
2031,pre
2032,pre
2033,pre
2034,pre
2035,pre
2036,pre
2037,pre
2038,pre
2039,pre
2040,pre
2041,pre
2042,pre
2043,pre
2044,pre
2045,pre
2046,pre
2047,pre
2048,pre
2049,pre
2050,pre
2051,pre
2052,pre
2053,pre
2054,pre
2055,pre
2056,pre
2057,pre
2058,pre
2059,pre
2060,pre
2061,pre
2062,pre
2063,pre
2064,pre
2065,pre
2066,pre
2067,pre
2068,pre
2069,pre
2070,pre
2071,pre
2072,pre
2073,pre
2074,pre
2075,pre
2076,pre
2077,pre
2078,pre
2079,pre
2080,pre
2081,pre
2082,pre
2083,pre
2084,pre
2085,pre
2086,pre
2087,pre
2088,pre
2089,pre
2090,pre
2091,pre
2092,pre
2093,pre
2094,pre
2095,pre
2096,pre
2097,pre
2098,pre
2099,pre
2100,pre
2101,pre
2102,pre
2103,pre
2104,pre
2105,pre
2106,pre
2107,pre
2108,pre
2109,pre
2110,pre
2111,pre
2112,pre
2113,pre
2114,pre
2115,pre
2116,pre
2117,pre
2118,pre
2119,pre
2120,pre
2121,pre
2122,pre
2123,pre
2124,pre
2125,pre
2126,pre
2127,pre
2128,pre
2129,pre
2130,pre
2131,pre
2132,pre
2133,pre
2134,pre
2135,pre
2136,pre
2137,pre
2138,pre
2139,pre
2140,pre
2141,pre
2142,pre
2143,pre
2144,pre
2145,pre
2146,pre
2147,pre
2148,pre
2149,pre
2150,pre
2151,pre
2152,pre
2153,pre
2154,pre
2155,pre
2156,pre
2157,pre
2158,pre
2159,pre
2160,pre
2161,pre
2162,pre
2163,pre
2164,pre
2165,pre
2166,pre
2167,pre
2168,pre
2169,pre
2170,pre
2171,pre
2172,pre
2173,pre
2174,pre
2175,pre
2176,pre
2177,pre
2178,pre
2179,pre
2180,pre
2181,pre
2182,pre
2183,pre
2184,pre
2185,pre
2186,pre
2187,pre
2188,pre
2189,pre
2190,pre
2191,pre
2192,pre
2193,pre
2194,pre
2195,pre
2196,pre
2197,pre
2198,pre
2199,pre
2200,pre
2201,pre
2202,pre
2203,pre
2204,pre
2205,pre
2206,pre
2207,pre
2208,pre
2209,pre
2210,pre
2211,pre
2212,pre
2213,pre
2214,pre
2215,pre
2216,pre
2217,pre
2218,pre
2219,pre
2220,pre
2221,pre
2222,pre
2223,pre
2224,pre
2225,pre
2226,pre
2227,pre
2228,pre
2229,pre
2230,pre
2231,pre
2232,pre
2233,pre
2234,pre
2235,pre
2236,pre
2237,pre
2238,pre
2239,pre
2240,pre
2241,pre
2242,pre
2243,pre
2244,pre
2245,pre
2246,pre
2247,pre
2248,pre
2249,pre
2250,pre
2251,pre
2252,pre
2253,pre
2254,pre
2255,pre
2256,pre
2257,pre
2258,pre
2259,pre
2260,pre
2261,pre
2262,pre
2263,pre
2264,pre
2265,pre
2266,pre
2267,pre
2268,pre
2269,pre
2270,pre
2271,pre
2272,pre
2273,pre
2274,pre
2275,pre
2276,pre
2277,pre
2278,pre
2279,pre
2280,pre
2281,pre
2282,pre
2283,pre
2284,pre
2285,pre
2286,pre
2287,pre
2288,pre
2289,pre
2290,pre
2291,pre
2292,pre
2293,pre
2294,pre
2295,pre
2296,pre
2297,pre
2298,pre
2299,pre
2300,pre
2301,pre
2302,pre
2303,pre
2304,pre
2305,pre
2306,pre
2307,pre
2308,pre
2309,pre
2310,pre
2311,pre
2312,pre
2313,pre
2314,pre
2315,pre
2316,pre
2317,pre
2318,pre
2319,pre
2320,pre
2321,pre
2322,pre
2323,pre
2324,pre
2325,pre
2326,pre
2327,pre
2328,pre
2329,pre
2330,pre
2331,pre
2332,pre
2333,pre
2334,pre
2335,pre
2336,pre
2337,pre
2338,pre
2339,pre
2340,pre
2341,pre
2342,pre
2343,pre
2344,pre
2345,pre
2346,pre
2347,pre
2348,pre
2349,pre
2350,pre
2351,pre
2352,pre
2353,pre
2354,pre
2355,pre
2356,pre
2357,pre
2358,pre
2359,pre
2360,pre
2361,pre
2362,pre
2363,pre
2364,pre
2365,pre
2366,pre
2367,pre
2368,pre
2369,pre
2370,pre
2371,pre
2372,pre
2373,pre
2374,pre
2375,pre
2376,pre
2377,pre
2378,pre
2379,pre
2380,pre
2381,pre
2382,pre
2383,pre
2384,pre
2385,pre
2386,pre
2387,pre
2388,pre
2389,pre
2390,pre
2391,pre
2392,pre
2393,pre
2394,pre
2395,pre
2396,pre
2397,pre
2398,pre
2399,pre
2400,pre
2401,pre
2402,pre
2403,pre
2404,pre
2405,pre
2406,pre
2407,pre
2408,pre
2409,pre
2410,pre
2411,pre
2412,pre
2413,pre
2414,pre
2415,pre
2416,pre
2417,pre
2418,pre
2419,pre
2420,pre
2421,pre
2422,pre
2423,pre
2424,pre
2425,pre
2426,pre
2427,pre
2428,pre
2429,pre
2430,pre
2431,pre
2432,pre
2433,pre
2434,pre
2435,pre
2436,pre
2437,pre
2438,pre
2439,pre
2440,pre
2441,pre
2442,pre
2443,pre
2444,pre
2445,pre
2446,pre
2447,pre
2448,pre
2449,pre
2450,pre
2451,pre
2452,pre
2453,pre
2454,pre
2455,pre
2456,pre
2457,pre
2458,pre
2459,pre
2460,pre
2461,pre
2462,pre
2463,pre
2464,pre
2465,pre
2466,pre
2467,pre
2468,pre
2469,pre
2470,pre
2471,pre
2472,pre
2473,pre
2474,pre
2475,pre
2476,pre
2477,pre
2478,pre
2479,pre
2480,pre
2481,pre
2482,pre
2483,pre
2484,pre
2485,pre
2486,pre
2487,pre
2488,pre
2489,pre
2490,pre
2491,pre
2492,pre
2493,pre
2494,pre
2495,pre
2496,pre
2497,pre
2498,pre
2499,pre
2500,pre
2501,pre
2502,pre
2503,pre
2504,pre
2505,pre
2506,pre
2507,pre
2508,pre
2509,pre
2510,pre
2511,pre
2512,pre
2513,pre
2514,pre
2515,pre
2516,pre
2517,pre
2518,pre
2519,pre
2520,pre
2521,pre
2522,pre
2523,pre
2524,pre
2525,pre
2526,pre
2527,pre
2528,pre
2529,pre
2530,pre
2531,pre
2532,pre
2533,pre
2534,pre
2535,pre
2536,pre
2537,pre
2538,pre
2539,pre
2540,pre
2541,pre
2542,pre
2543,pre
2544,pre
2545,pre
2546,pre
2547,pre
2548,pre
2549,pre
2550,pre
2551,pre
2552,pre
2553,pre
2554,pre
2555,pre
2556,pre
2557,pre
2558,pre
2559,pre
2560,pre
2561,pre
2562,pre
2563,pre
2564,pre
2565,pre
2566,pre
2567,pre
2568,pre
2569,pre
2570,pre
2571,pre
2572,pre
2573,pre
2574,pre
2575,pre
2576,pre
2577,pre
2578,pre
2579,pre
2580,pre
2581,pre
2582,pre
2583,pre
2584,pre
2585,pre
2586,pre
2587,pre
2588,pre
2589,pre
2590,pre
2591,pre
2592,pre
2593,pre
2594,pre
2595,pre
2596,pre
2597,pre
2598,pre
2599,pre
2600,pre
2601,pre
2602,pre
2603,pre
2604,pre
2605,pre
2606,pre
2607,pre
2608,pre
2609,pre
2610,pre
2611,pre
2612,pre
2613,pre
2614,pre
2615,pre
2616,pre
2617,pre
2618,pre
2619,pre
2620,pre
2621,pre
2622,pre
2623,pre
2624,pre
2625,pre
2626,pre
2627,pre
2628,pre
2629,pre
2630,pre
2631,pre
2632,pre
2633,pre
2634,pre
2635,pre
2636,pre
2637,pre
2638,pre
2639,pre
2640,pre
2641,pre
2642,pre
2643,pre
2644,pre
2645,pre
2646,pre
2647,pre
2648,pre
2649,pre
2650,pre
2651,pre
2652,pre
2653,pre
2654,pre
2655,pre
2656,pre
2657,pre
2658,pre
2659,pre
2660,pre
2661,pre
2662,pre
2663,pre
2664,pre
2665,pre
2666,pre
2667,pre
2668,pre
2669,pre
2670,pre
2671,pre
2672,pre
2673,pre
2674,pre
2675,pre
2676,pre
2677,pre
2678,pre
2679,pre
2680,pre
2681,pre
2682,pre
2683,pre
2684,pre
2685,pre
2686,pre
2687,pre
2688,pre
2689,pre
2690,pre
2691,pre
2692,pre
2693,pre
2694,pre
2695,pre
2696,pre
2697,pre
2698,pre
2699,pre
2700,pre
2701,pre
2702,pre
2703,pre
2704,pre
2705,pre
2706,pre
2707,pre
2708,pre
2709,pre
2710,pre
2711,pre
2712,pre
2713,pre
2714,pre
2715,pre
2716,pre
2717,pre
2718,pre
2719,pre
2720,pre
2721,pre
2722,pre
2723,pre
2724,pre
2725,pre
2726,pre
2727,pre
2728,pre
2729,pre
2730,pre
2731,pre
2732,pre
2733,pre
2734,pre
2735,pre
2736,pre
2737,pre
2738,pre
2739,pre
2740,pre
2741,pre
2742,pre
2743,pre
2744,pre
2745,pre
2746,pre
2747,pre
2748,pre
2749,pre
2750,pre
2751,pre
2752,pre
2753,pre
2754,pre
2755,pre
2756,pre
2757,pre
2758,pre
2759,pre
2760,pre
2761,pre
2762,pre
2763,pre
2764,pre
2765,pre
2766,pre
2767,pre
2768,pre
2769,pre
2770,pre
2771,pre
2772,pre
2773,pre
2774,pre
2775,pre
2776,pre
2777,pre
2778,pre
2779,pre
2780,pre
2781,pre
2782,pre
2783,pre
2784,pre
2785,pre
2786,pre
2787,pre
2788,pre
2789,pre
2790,pre
2791,pre
2792,pre
2793,pre
2794,pre
2795,pre
2796,pre
2797,pre
2798,pre
2799,pre
2800,pre
2801,pre
2802,pre
2803,pre
2804,pre
2805,pre
2806,pre
2807,pre
2808,pre
2809,pre
2810,pre
2811,pre
2812,pre
2813,pre
2814,pre
2815,pre
2816,pre
2817,pre
2818,pre
2819,pre
2820,pre
2821,pre
2822,pre
2823,pre
2824,pre
2825,pre
2826,pre
2827,pre
2828,pre
2829,pre
2830,pre
2831,pre
2832,pre
2833,pre
2834,pre
2835,pre
2836,pre
2837,pre
2838,pre
2839,pre
2840,pre
2841,pre
2842,pre
2843,pre
2844,pre
2845,pre
2846,pre
2847,pre
2848,pre
2849,pre
2850,pre
2851,pre
2852,pre
2853,pre
2854,pre
2855,pre
2856,pre
2857,pre
2858,pre
2859,pre
2860,pre
2861,pre
2862,pre
2863,pre
2864,pre
2865,pre
2866,pre
2867,pre
2868,pre
2869,pre
2870,pre
2871,pre
2872,pre
2873,pre
2874,pre
2875,pre
2876,pre
2877,pre
2878,pre
2879,pre
2880,pre
2881,pre
2882,pre
2883,pre
2884,pre
2885,pre
2886,pre
2887,pre
2888,pre
2889,pre
2890,pre
2891,pre
2892,pre
2893,pre
2894,pre
2895,pre
2896,pre
2897,pre
2898,pre
2899,pre
2900,pre
2901,pre
2902,pre
2903,pre
2904,pre
2905,pre
2906,pre
2907,pre
2908,pre
2909,pre
2910,pre
2911,pre
2912,pre
2913,pre
2914,pre
2915,pre
2916,pre
2917,pre
2918,pre
2919,pre
2920,pre
2921,pre
2922,pre
2923,pre
2924,pre
2925,pre
2926,pre
2927,pre
2928,pre
2929,pre
2930,pre
2931,pre
2932,pre
2933,pre
2934,pre
2935,pre
2936,pre
2937,pre
2938,pre
2939,pre
2940,pre
2941,pre
2942,pre
2943,pre
2944,pre
2945,pre
2946,pre
2947,pre
2948,pre
2949,pre
2950,pre
2951,pre
2952,pre
2953,pre
2954,pre
2955,pre
2956,pre
2957,pre
2958,pre
2959,pre
2960,pre
2961,pre
2962,pre
2963,pre
2964,pre
2965,pre
2966,pre
2967,pre
2968,pre
2969,pre
2970,pre
2971,pre
2972,pre
2973,pre
2974,pre
2975,pre
2976,pre
2977,pre
2978,pre
2979,pre
2980,pre
2981,pre
2982,pre
2983,pre
2984,pre
2985,pre
2986,pre
2987,pre
2988,pre
2989,pre
2990,pre
2991,pre
2992,pre
2993,pre
2994,pre
2995,pre
2996,pre
2997,pre
2998,pre
2999,pre
3000,pre
3001,pre
3002,pre
3003,pre
3004,pre
3005,pre
3006,pre
3007,pre
3008,pre
3009,pre
3010,pre
3011,pre
3012,pre
3013,pre
3014,pre
3015,pre
3016,pre
3017,pre
3018,pre
3019,pre
3020,pre
3021,pre
3022,pre
3023,pre
3024,pre
3025,pre
3026,pre
3027,pre
3028,pre
3029,pre
3030,pre
3031,pre
3032,pre
3033,pre
3034,pre
3035,pre
3036,pre
3037,pre
3038,pre
3039,pre
3040,pre
3041,pre
3042,pre
3043,pre
3044,pre
3045,pre
3046,pre
3047,pre
3048,pre
3049,pre
3050,pre
3051,pre
3052,pre
3053,pre
3054,pre
3055,pre
3056,pre
3057,pre
3058,pre
3059,pre
3060,pre
3061,pre
3062,pre
3063,pre
3064,pre
3065,pre
3066,pre
3067,pre
3068,pre
3069,pre
3070,pre
3071,pre
3072,pre
3073,pre
3074,pre
3075,pre
3076,pre
3077,pre
3078,pre
3079,pre
3080,pre
3081,pre
3082,pre
3083,pre
3084,pre
3085,pre
3086,pre
3087,pre
3088,pre
3089,pre
3090,pre
3091,pre
3092,pre
3093,pre
3094,pre
3095,pre
3096,pre
3097,pre
3098,pre
3099,pre
3100,pre
3101,pre
3102,pre
3103,pre
3104,pre
3105,pre
3106,pre
3107,pre
3108,pre
3109,pre
3110,pre
3111,pre
3112,pre
3113,pre
3114,pre
3115,pre
3116,pre
3117,pre
3118,pre
3119,pre
3120,pre
3121,pre
3122,pre
3123,pre
3124,pre
3125,pre
3126,pre
3127,pre
3128,pre
3129,pre
3130,pre
3131,pre
3132,pre
3133,pre
3134,pre
3135,pre
3136,pre
3137,pre
3138,pre
3139,pre
3140,pre
3141,pre
3142,pre
3143,pre
3144,pre
3145,pre
3146,pre
3147,pre
3148,pre
3149,pre
3150,pre
3151,pre
3152,pre
3153,pre
3154,pre
3155,pre
3156,pre
3157,pre
3158,pre
3159,pre
3160,pre
3161,pre
3162,pre
3163,pre
3164,pre
3165,pre
3166,pre
3167,pre
3168,pre
3169,pre
3170,pre
3171,pre
3172,pre
3173,pre
3174,pre
3175,pre
3176,pre
3177,pre
3178,pre
3179,pre
3180,pre
3181,pre
3182,pre
3183,pre
3184,pre
3185,pre
3186,pre
3187,pre
3188,pre
3189,pre
3190,pre
3191,pre
3192,pre
3193,pre
3194,pre
3195,pre
3196,pre
3197,pre
3198,pre
3199,pre
3200,pre
3201,pre
3202,pre
3203,pre
3204,pre
3205,pre
3206,pre
3207,pre
3208,pre
3209,pre
3210,pre
3211,pre
3212,pre
3213,pre
3214,pre
3215,pre
3216,pre
3217,pre
3218,pre
3219,pre
3220,pre
3221,pre
3222,pre
3223,pre
3224,pre
3225,pre
3226,pre
3227,pre
3228,pre
3229,pre
3230,pre
3231,pre
3232,pre
3233,pre
3234,pre
3235,pre
3236,pre
3237,pre
3238,pre
3239,pre
3240,pre
3241,pre
3242,pre
3243,pre
3244,pre
3245,pre
3246,pre
3247,pre
3248,pre
3249,pre
3250,pre
3251,pre
3252,pre
3253,pre
3254,pre
3255,pre
3256,pre
3257,pre
3258,pre
3259,pre
3260,pre
3261,pre
3262,pre
3263,pre
3264,pre
3265,pre
3266,pre
3267,pre
3268,pre
3269,pre
3270,pre
3271,pre
3272,pre
3273,pre
3274,pre
3275,pre
3276,pre
3277,pre
3278,pre
3279,pre
3280,pre
3281,pre
3282,pre
3283,pre
3284,pre
3285,pre
3286,pre
3287,pre
3288,pre
3289,pre
3290,pre
3291,pre
3292,pre
3293,pre
3294,pre
3295,pre
3296,pre
3297,pre
3298,pre
3299,pre
3300,pre
3301,pre
3302,pre
3303,pre
3304,pre
3305,pre
3306,pre
3307,pre
3308,pre
3309,pre
3310,pre
3311,pre
3312,pre
3313,pre
3314,pre
3315,pre
3316,pre
3317,pre
3318,pre
3319,pre
3320,pre
3321,pre
3322,pre
3323,pre
3324,pre
3325,pre
3326,pre
3327,pre
3328,pre
3329,pre
3330,pre
3331,pre
3332,pre
3333,pre
3334,pre
3335,pre
3336,pre
3337,pre
3338,pre
3339,pre
3340,pre
3341,pre
3342,pre
3343,pre
3344,pre
3345,pre
3346,pre
3347,pre
3348,pre
3349,pre
3350,pre
3351,pre
3352,pre
3353,pre
3354,pre
3355,pre
3356,pre
3357,pre
3358,pre
3359,pre
3360,pre
3361,pre
3362,pre
3363,pre
3364,pre
3365,pre
3366,pre
3367,pre
3368,pre
3369,pre
3370,pre
3371,pre
3372,pre
3373,pre
3374,pre
3375,pre
3376,pre
3377,pre
3378,pre
3379,pre
3380,pre
3381,pre
3382,pre
3383,pre
3384,pre
3385,pre
3386,pre
3387,pre
3388,pre
3389,pre
3390,pre
3391,pre
3392,pre
3393,pre
3394,pre
3395,pre
3396,pre
3397,pre
3398,pre
3399,pre
3400,pre
3401,pre
3402,pre
3403,pre
3404,pre
3405,pre
3406,pre
3407,pre
3408,pre
3409,pre
3410,pre
3411,pre
3412,pre
3413,pre
3414,pre
3415,pre
3416,pre
3417,pre
3418,pre
3419,pre
3420,pre
3421,pre
3422,pre
3423,pre
3424,pre
3425,pre
3426,pre
3427,pre
3428,pre
3429,pre
3430,pre
3431,pre
3432,pre
3433,pre
3434,pre
3435,pre
3436,pre
3437,pre
3438,pre
3439,pre
3440,pre
3441,pre
3442,pre
3443,pre
3444,pre
3445,pre
3446,pre
3447,pre
3448,pre
3449,pre
3450,pre
3451,pre
3452,pre
3453,pre
3454,pre
3455,pre
3456,pre
3457,pre
3458,pre
3459,pre
3460,pre
3461,pre
3462,pre
3463,pre
3464,pre
3465,pre
3466,pre
3467,pre
3468,pre
3469,pre
3470,pre
3471,pre
3472,pre
3473,pre
3474,pre
3475,pre
3476,pre
3477,pre
3478,pre
3479,pre
3480,pre
3481,pre
3482,pre
3483,pre
3484,pre
3485,pre
3486,pre
3487,pre
3488,pre
3489,pre
3490,pre
3491,pre
3492,pre
3493,pre
3494,pre
3495,pre
3496,pre
3497,pre
3498,pre
3499,pre
